SL. NO.,Product Code,Category,SUB-CATEGORY,ITEMS,UOM, COST/UNIT ,Opening Balance,01,02,03,04,05,06,07,08,09,10,11,12,13,14,15,16,17,18,19,20,21,22,23,24,25,26,27,28,29,30,Stock Receipt,Stock Receipt,Consumption,Closing Balance, Total Cost 
1,PBV-SLMLK,Pantry,Beverages,Good Life Milk (Slim) 1 LTR,LR, 47.58 ,18,13,9,6,10,11,,,9,6,11,13,10,,,12,10,11,,,,,9,9,11,13,10,,,6,6,,200,195,23," 1,094.42 "
2,PBV-RGMLK,Pantry,Beverages,Good Life Milk (Regular) 1 LTR,LR, 50.00 ,0,,,,,,,,,,,,,,,,,,,,,,,,,,,,,,,,,0,0, -   
3,PBV-LCMLK,Pantry,Beverages,Lactose Free - 200 ML,ML, 25.00 ,2,,,1,,,,,,1,,,,,,,,,,,,,,,,,,,,1,1,,5,4,3, 75.00 
4,PBV-WB20L,Pantry,Beverages,Water Bottle - 20 LTR,ML, 38.00 ,1,10,9,6,11,9,,,8,6,10,9,11,,,11,9,11,,,,,11,12,6,9,7,,,6,6,,200,177,24, 912.00 
5,PBV-WB500,Pantry,Beverages,Water Bottle - 500 ML,ML, 10.00 ,0,,,,,,,,,,,,,,,,,,,,,,,,,,,,,,,,,0,0, -   
6,PBV-WB250,Pantry,Beverages,Water Bottle - 250 ML,ML, 7.00 ,9,3,,,,,,,,,,,,,,5,,,,,,,,3,,,,,,,,,5,11,3, 21.00 
7,PBV-COKE,Pantry,Beverages,Coco Cola - 2 LTR,LR, 70.56 ,4,1,1,,1,1,,,1,,1,1,1,,,1,1,1,,,,,1,1,1,1,1,,,,,,15,16,3, 211.67 
8,PBV-FANTA,Pantry,Beverages,Fanta - 2 LTR,LR, 70.31 ,3,1,1,1,,1,,,1,1,1,1,1,,,1,,1,,,,,1,1,1,1,1,,,1,1,,15,18,0, -   
9,PBV-PBGVA,Pantry,Beverages,Paper Boat - Guava - 1 LTR,LR, 85.33 ,4,1,1,1,1,1,,,1,1,1,1,1,,,1,1,1,,,,,1,1,1,1,1,,,1,1,,18,20,2, 170.67 
10,PBV-PBAMR,Pantry,Beverages,Paper Boat - Aamras 1 LTR,LR, 85.33 ,4,1,1,,1,1,,,1,,1,1,1,,,1,1,1,,,,,1,1,1,1,1,,,,,,15,16,3, 256.00 
11,PBV-RLGVA,Pantry,Beverages,Real - Guava 1 LTR,LR, 85.33 ,4,,,1,1,,,,,1,,,,,,,1,,,,,,,,,,,,,1,1,,5,6,3, 256.00 
12,PBV-RLMXFR,Pantry,Beverages,Real - Mixed Fruits 1 LTR,LR, 85.33 ,3,1,1,,1,1,,,1,,1,1,1,,,1,1,1,,,,,1,1,1,1,1,,,,,,15,16,2, 170.67 
13,PBV-TRPOM,Pantry,Beverages,Tropicana - Pomegranate 1 LTR,LR, 94.00 ,1,1,1,,,1,,,1,,1,1,1,,,1,,1,,,,,1,1,1,1,1,,,,,,15,14,2, 188.00 
14,PBV-TRCRN,Pantry,Beverages,Tropicana - Cranberry 1 LTR,LR, 94.33 ,3,1,1,,1,1,,,1,,1,1,1,,,1,1,1,,,,,1,1,1,1,1,,,,,,15,16,2, 188.67 
15,PBV-MMORG,Pantry,Beverages,Minute Maid - Pulpy Orange 1 LTR,LR, 60.65 ,3,1,1,1,1,1,,,1,1,1,1,1,,,1,1,1,,,,,1,1,1,1,1,,,1,1,,20,20,3, 181.95 
16,PBV-MMNBU,Pantry,Beverages,Minute Maid - Pulpy Nimbu 1 LTR,LR, 59.00 ,15,,,1,,,,,,1,,,,,,,,,,,,,,,,,,,,1,1,,,4,11, 649.00 
17,PBV-BTRMLK,Pantry,Beverages,Buttermilk 1 LTR,LR, 42.00 ,4,2,2,1,2,2,,,1,1,2,1,2,,,2,2,2,,,,,1,1,2,1,2,,,1,1,,30,31,3, 126.00 
18,PCK-CHOCP,Pantry,Ceral,Kelloggs - Chocos 750 GM,BX, 368.60 ,1,0.5,0.5,,0.5,0.5,,,0.5,,0.5,0.5,,,,,0.5,0.5,,,,,0.5,,0.5,0.5,,,,,,,10,6,5," 1,843.00 "
19,PCK-JEERA,Pantry,Ceral,Kelloggs - Museli Fruit & Nut 750 GM,BX, 235.00 ,1,,0.5,,,,,,0.5,,,0.5,0.5,,,0.5,,,,,,,0.5,0.5,,0.5,0.5,,,,,,5,4.5,1.5, 352.50 
20,PCK-CSHW,Pantry,Ceral,Kelloggs - Museli Nuts Delight 750 GM,BX, 233.00 ,1.5,0.5,0.5,,0.5,0.5,,,,,0.5,,0.5,,,0.5,0.5,0.5,,,,,,0.5,0.5,,0.5,,,,,,5,6,0.5, 116.50 
21,PCK-BUTTR,Pantry,Ceral,Kelloggs - Corn Flakes 750 GM,BX, 245.80 ,0,0.5,,,,0.5,,,0.5,,0.5,0.5,,,,,,0.5,,,,,0.5,,0.5,0.5,,,,,,,5,4.5,0.5, 122.90 
22,PCK-FRTNT,Pantry,Ceral,Kelloggs - Fruit Magic 750 GM,BX, 233.00 ,1.5,,0.5,,0.5,,,,,,0.5,0.5,0.5,,,0.5,0.5,,,,,,,0.5,0.5,0.5,0.5,,,,,,5,5.5,1, 233.00 
23,PCK-CHONT,Pantry,Chocolates,Yoga Bar,NO, 33.90 ,22,6,6,3,5,6,,,6,3,6,6,6,,,6,5,6,,,,,6,6,6,6,6,,,3,3,,90,106,6, 203.40 
24,PCK-GDBTR,Pantry,Chocolates,Eclairs ,NO, 1.00 ,0,,,,,,,,,,,,,,,,,,,,,,,,,,,,,,,,,0,0, -   
25,PCK-GDCHW,Pantry,Chocolates,Kinder Joy,NO, 40.00 ,0,,,,,,,,,,,,,,,,,,,,,,,,,,,,,,,,,0,0, -   
26,PCK-MGOLD,Pantry,Chocolates,Cadbury Rs.10,NO, 10.00 ,0,,,,,,,,,,,,,,,,,,,,,,,,,,,,,,,,,0,0, -   
27,PCK-BORBN,Pantry,Chocolates,Cadbury Rs.40,NO, 40.00 ,0,,,,,,,,,,,,,,,,,,,,,,,,,,,,,,,,,0,0, -   
28,PCK-DARKF,Pantry,Chocolates,Cadbury Silk,NO, 80.00 ,0,,,,,,,,,,,,,,,,,,,,,,,,,,,,,,,,,0,0, -   
29,PCK-JIMJM,Pantry,Chocolates,Cadbury Roast Almond,NO, 40.00 ,0,,,,,,,,,,,,,,,,,,,,,,,,,,,,,,,,,0,0, -   
30,PCK-ORCHO,Pantry,Chocolates,Cadbury Silk Bubbly,NO, 140.00 ,0,,,,,,,,,,,,,,,,,,,,,,,,,,,,,,,,,0,0, -   
31,PCK-PARLE,Pantry,Chocolates,Bounty,NO, 30.00 ,0,,,,,,,,,,,,,,,,,,,,,,,,,,,,,,,,,0,0, -   
32,PRE-HTCHO,Pantry,Chocolates,BarOne,NO, 5.00 ,0,,,,,,,,,,,,,,,,,,,,,,,,,,,,,,,,,0,0, -   
33,PRE-TOKCH,Pantry,Chocolates,KitKat,NO, 50.00 ,0,,,,,,,,,,,,,,,,,,,,,,,,,,,,,,,,,0,0, -   
34,PRE-UPMA,Pantry,Chocolates,5Star,NO, 20.00 ,0,,,,,,,,,,,,,,,,,,,,,,,,,,,,,,,,,0,0, -   
35,PRE-POHA,Pantry,Chocolates,Mars,NO, 10.00 ,0,,,,,,,,,,,,,,,,,,,,,,,,,,,,,,,,,0,0, -   
36,PRE-CUPND,Pantry,Chocolates,Snickers,NO, 20.00 ,0,,,,,,,,,,,,,,,,,,,,,,,,,,,,,,,,,0,0, -   
37,PCL-KLCHO,Pantry,Chocolates,Happydent (8 in a Box),BX, 33.75 ,0,,,,,,,,,,,,,,,,,,,,,,,,,,,,,,,,,0,0, -   
38,PCL-KLFTNT,Pantry,Chocolates,Orbit (8 in a Box),BX, 40.00 ,0,,,,,,,,,,,,,,,,,,,,,,,,,,,,,,,,,0,0, -   
39,PCL-KLNUTS,Pantry,Cookies,Unibic - Chocochip,NO, 25.40 ,4,,2,1,2,1,,,,1,1,1,2,,,1,2,1,,,,,,2,1,1,2,,,1,1,,20,23,1, 25.40 
40,PCL-KLCORN,Pantry,Cookies,Unibic - Jeera,NO, 12.71 ,1,1,1,,,2,,,1,,1,2,2,,,1,,2,,,,,1,1,1,2,2,,,,,,20,20,1, 12.71 
41,PCL-KLFMGC,Pantry,Cookies,Unibic - Cashew,NO, 20.35 ,5,,1,1,1,1,,,1,1,2,,1,,,,1,1,,,,,1,1,2,,1,,,1,1,,20,18,7, 142.45 
42,PRE-PKLMG,Pantry,Cookies,Unibic - Butter,NO, 20.35 ,5,1,,1,1,2,,,,1,,1,,,,2,1,2,,,,,,1,,1,,,,1,1,,20,16,9, 183.15 
43,PRE-PKSLM,Pantry,Cookies,Unibic - Fruit & Nut,NO, 20.35 ,1,1,1,,2,,,,1,,2,2,1,,,1,2,,,,,,1,,2,2,1,,,,,,20,19,2, 40.70 
44,PRE-PKMXD,Pantry,Cookies,Unibic - Choco Nut,NO, 20.35 ,4,1,2,,1,1,,,2,,1,1,1,,,,1,1,,,,,2,1,1,1,1,,,,,,20,18,6, 122.10 
45,PCH-YGBAR,Pantry,Cookies,Good Day - Butter,NO, 12.70 ,1,1,1,2,2,1,,,,2,2,,2,,,1,2,1,,,,,,1,2,,2,,,2,2,,25,26,0, -   
46,PCH-ECLAR,Pantry,Cookies,Good Day - Cashew,NO, 16.95 ,2,1,1,,1,1,,,1,,,,1,,,1,1,1,,,,,1,1,,,1,,,,,,20,12,10, 169.50 
47,PCH-KDRJOY,Pantry,Cookies,Marrie Gold,NO, 22.90 ,5,,,1,,,,,,1,,,,,,,,,,,,,,,,,,,,1,1,,,4,1, 22.90 
48,PCH-CADB10,Pantry,Cookies,Bourborn,NO, 16.94 ,30,1,,1,,1,,,1,1,1,2,1,,,1,,1,,,,,1,1,1,2,1,,,1,1,,15,19,26, 440.44 
49,PCH-CADB40,Pantry,Cookies,Dark Fantasy,NO, 25.40 ,9,,,,,,,,,,,,,,,,,,,,,,,,,,,,,,,,,0,9, 228.60 
50,PCH-CADSLK,Pantry,Cookies,Jim Jam ,NO, 25.40 ,6,1,,,1,1,,,,,1,1,1,,,1,1,1,,,,,,1,1,1,1,,,,,,10,13,3, 76.20 
51,PCH-CADALM,Pantry,Cookies,Oreo Chocolate,NO, 25.40 ,5,1,,1,,1,,,1,1,,1,1,,,1,,1,,,,,1,1,,1,1,,,1,1,,10,15,0, -   
52,PCH-CADBUB,Pantry,Cookies,Parle G - 10 Rs.,NO, 16.90 ,8,,1,,1,1,,,1,,1,,1,,,,1,1,,,,,1,1,1,,1,,,,,,5,12,1, 16.90 
53,PCH-BOUNT,Pantry,Dry Fruits,Seedless Dates - 500 GM,PK, 300.00 ,2.5,0.5,0.5,,0.5,0.5,,,0.5,,0.5,0.5,0.5,,,0.5,0.5,0.5,,,,,0.5,0.5,0.5,0.5,0.5,,,,,,8,8,2.5, 750.00 
54,PCH-BARON,Pantry,Dry Fruits,Raisins - 500 GM,PK, 480.00 ,0.5,0.5,0.5,,0.5,0.5,,,0.5,,0.5,0.5,0.5,,,0.5,0.5,0.5,,,,,0.5,0.5,0.5,0.5,0.5,,,,,,10,8,2.5," 1,200.00 "
55,PCH-KITKAT,Pantry,Dry Fruits,Almond - 500 GM,PK," 1,080.00 ",0.5,0.5,0.5,,0.5,0.5,,,0.5,,0.5,0.5,0.5,,,0.5,0.5,0.5,,,,,0.5,0.5,0.5,0.5,0.5,,,,,,10,8,2.5," 2,700.00 "
56,PCH-5STAR,Pantry,Premix Powder,Badam Drink - 750 GM,NO, 165.00 ,11,,,,,,,,,,,,,,,,,,,,,,,,,,,,,,,,,0,11," 1,815.00 "
57,PCH-MARS,Pantry,Premix Powder,Bournvita 750 GM,NO, 308.00 ,3,,,,,,,,,,,,,,,,,,,,,,,,,,,,,,,,,0,3, 924.00 
58,PCH-SNKRS,Pantry,Premix Powder,Black Pepper - Grinder,NO, 151.40 ,10,1,1,,1,1,,,1,,1,1,1,,,1,1,1,,,,,1,1,1,1,1,,,,,,15,16,9," 1,362.60 "
59,PCH-HPDNT,Pantry,Premix Powder,Black Salt - Grinder,PK, 84.40 ,18,,,,,,,,,,,,,,,,,,,,,,,,,,,,,,,,,0,18," 1,519.20 "
60,PCH-ORBIT,Pantry,Premix Powder,Chat Masala,NO, 31.40 ,2,,,,,,,,,,,,,,,,,,,,,,,,,,,,,,,,,0,2, 62.80 
61,PMX-BDMMLK,Pantry,Ready to Eat,Hot Chocoloate,NO, 160.00 ,26,1,3,1,4,2,,,2,1,,3,,,,3,4,2,,,,,2,,,3,,,,1,1,,10,33,3, 480.00 
62,PMX-BORVTA,Pantry,Ready to Eat,Tomato Ketchup - 1 LTR,PK, 156.20 ,0,,,,,,,,,,,1,,,,1,,,,,,,,,,1,,,,,,,5,3,2, 312.40 
63,PRE-CHKSUP,Pantry,Ready to Eat,Upma,PK, 42.00 ,3,3,3,3,4,5,,,4,3,2,3,1,,,5,4,5,,,,,4,,2,3,1,,,3,3,,80,61,22, 924.00 
64,PRE-VEGSUP,Pantry,Ready to Eat,Poha,PK, 42.00 ,9,3,3,3,4,3,,,2,3,5,2,3,,,1,4,3,,,,,2,1,5,2,3,,,3,3,,60,58,11, 462.00 
65,PMX-BLKPPR,Pantry,Ready to Eat,Cup Noodles,NO, 35.70 ,13,5,2,,4,6,,,3,,4,5,5,,,8,4,6,,,,,3,8,4,5,5,,,,,,80,77,16, 571.20 
66,PMX-BLKSLT,Pantry,Ready to Eat,Pickle - Mango 300 GM,NO, 83.50 ,2,,,,,1,,,1,,,,,,,,,1,,,,,1,,,,,,,,,,5,4,3, 250.50 
67,PMX-CHTMSL,Pantry,Ready to Eat,Pickle - Sweet Lime 300 GM,NO, 83.50 ,0,,,,,,,,,,,,,,,,,,,,,,,,,,,,,,,,,0,0, -   
68,PRE-PLBUTR,Pantry,Ready to Eat,Pickle - Mixed 300 GM,PK, 83.50 ,2,1,,,,,,,,,,,1,,,1,,,,,,,,,,,1,,,,,,5,4,3, 250.50 
69,PRE-PNBUTR,Pantry,Ready to Eat,Sweet Corn - Chicken 10 RS.,PK, 8.90 ,6,9,8,1,11,9,,,7,1,2,5,1,,,10,11,9,,,,,7,4,2,5,1,,,1,1,,100,105,1, 8.90 
70,PRE-MXJAM,Pantry,Ready to Eat,Manchow - Veg 10 RS.,NO, 8.90 ,6,4,12,1,2,3,,,5,1,6,9,,,,9,2,3,,,,,5,3,6,9,,,,1,1,,80,82,4, 35.60 
71,PRE-GRDNUT,Pantry,Ready to Eat,Plain Butter - 250 GM,NO, 200.90 ,3,1,,,,1,,,1,,,1,,,,,,1,,,,,1,,,1,,,,,,,5,7,1, 200.90 
72,PRE-SALT,Pantry,Ready to Eat,Peanut Butter - 200 GM,NO, 137.50 ,0,,,,,,,,,,,,1,,,1,,,,,,,,,,,1,,,,,,5,3,2, 275.00 
73,PRE-SAUNF,Pantry,Ready to Eat,Mixed Fruit Jam - 500 GM,NO, 164.00 ,2,,,,,1,,,,,,,1,,,,,1,,,,,,,,,1,,,,,,5,4,3, 492.00 
74,PRE-HONEY,Pantry,Ready to Eat,Groundnut,KG, 99.00 ,4.5,0.5,0.5,,0.5,0.5,,,0.5,,0.5,0.5,0.5,,,0.5,0.5,0.5,,,,,0.5,0.5,0.5,0.5,0.5,,,,,,5,8,1.5, 148.50 
75,PRU-WDSPN,Pantry,Ready to Eat,Salt 1 KG,NO, 19.00 ,3,,,,,,,,,,,,1,,,,,,,,,,,,,,1,,,,,,,2,1, 19.00 
76,PRU-PLFORK,Pantry,Ready to Eat,Saunf 250 GM,NO, 250.00 ,0,,,,,,,,,,,,,,,,,,,,,,,,,,,,,,,,,0,0, -   
77,PRU-PPPLAT,Pantry,Ready to Eat,Honey - 250 GM,NO, 280.00 ,0,,,,,,,,,,,,,,,,,,,,,,,,,,,,,,,,,0,0, -   
78,PRU-PPGLAS,Pantry,Ready to Use,Wooden Spoons - 1000 NOS,PK, 80.00 ,4,,,,1,1,,,,,,,,,,1,1,1,,,,,,,,,,,,,,,3,5,2, 160.00 
79,PRU-PPCUP,Pantry,Ready to Use,Plastic Fork,PK, 10.00 ,18,,,,,,,,,,,,,,,,,,,,,,,,,,,,,,,,,0,18, 180.00 
80,PDF-DATES,Pantry,Ready to Use,Paper Plate,PK, 60.00 ,0,,,,,,,,,,,,,,,,,,,,,,,,,,,,,,,,,0,0, -   
81,PDF-RAISN,Pantry,Ready to Use,Paper Glass,PK, 40.00 ,0,,,,,,,,,,,,,,,,,,,,,,,,,,,,,,,,,0,0, -   
82,PDF-ALMND,Pantry,Ready to Use,Paper Cup,PK, 0.60 ,200,,,,,,,,,,,,,,,,,,,,,,,,,,,,,,,,,0,200, 120.00 
83,PRU-ARPLT,Pantry,Ready to Use,Areca Nut - Plates,NO, 10.00 ,300,,,,,,,,,,,,,,,,,,,,,,,,,,,,,,,,,0,300," 3,000.00 "
84,PRU-ARBWL,Pantry,Ready to Use,Areca Nut - Bowl,NO, 2.80 ,136,25,25,35,25,30,,,60,35,55,40,25,,,40,25,30,,,,,60,35,55,40,25,,,35,35,,600,735,1, 2.80 
85,PRU-ARSPN,Pantry,Ready to Use,Areca Nut - Spoons,PK, 0.40 ,100,,,,,25,,,50,,,,,,,,,25,,,,,50,,,,,,,,,,60,150,10, 4.00 
86,TTS-CFOLD,Toiletries,Tissues,C-Fold,NO, 46.70 ,28,5,2,5,5,6,,,3,5,2,5,5,,,4,5,6,,,,,3,10,2,5,5,,,5,5,,80,93,15, 700.50 
87,TTS-NAPKN,Toiletries,Tissues,Paper Napkin,NO, 26.67 ,20,5,3,5,5,5,,,4,5,5,5,5,,,3,5,5,,,,,4,5,5,5,5,,,5,5,,90,94,16, 426.72 
88,TTS-TLROLL,Toiletries,Tissues,Toilet Roll,NO, 39.00 ,8,5,5,5,5,5,,,5,5,5,5,5,,,6,5,5,,,,,5,8,5,5,5,,,5,5,,100,104,4, 156.00 
89,TPC-RMFRSH,Toiletries,Personal Care,Room Freshner,NO, 114.40 ,4,,1,,1,,,,,,,,1,,,,1,,,,,,,1,,,1,,,,,,5,6,3, 343.20 
90,TPC-MBREFIL,Toiletries,Personal Care,Microburst Refill/Spray,NO, 229.00 ,11,,,,,1,,,,,,1,,,,,,1,,,,,,,,1,,,,,,,,4,7," 1,603.00 "
91,TPC-HNDWSH,Toiletries,Personal Care,Handwash - Dettol,CN, 162.70 ,3,1,,,,,,,1,,,,,,,1,,,,,,,1,,,,,,,,,,3,4,2, 325.40 
92,TPC-HNDSNZ,Toiletries,Personal Care,Hand Sanitizer,NO, 254.23 ,2,,,,,1,,,,,,,,,,,,1,,,,,,,,,,,,,,,,2,0, -   
93,TPC-DEOWTN,Toiletries,Personal Care,Nevia Deodrant - Whitening,NO, 171.00 ,7,,1,,,,,,,,,,,,,,,,,,,,,,,,,,,,,,,1,6," 1,026.00 "
94,TPC-DEONTR,Toiletries,Personal Care,Nevia Deodrant - Naturals,NO, 165.00 ,15,,,,,,,,,,,,1,,,,,,,,,,,,,,1,,,,,,,2,13," 2,145.00 "
95,TPC-DEOENG,Toiletries,Personal Care,Engage,NO, 145.00 ,0,,,,,,,,,,,,,,,,,,,,,,,,,,,,,,,,,0,0, -   
96,TPC-HAPWSH,Toiletries,Personal Care,Himalaya Apricot Facewash,NO, 107.60 ,0,,,,,,,,,,,,,,,1,,,,,,,,,,,,,,,,,3,1,2, 215.20 
97,TPC-HNMWSH,Toiletries,Personal Care,Himalaya Neem Facewash,NO, 102.50 ,1,,1,,,,,,,,1,,,,,,,,,,,,,,1,,,,,,,,3,3,1, 102.50 
98,TPC-LSMWSH,Toiletries,Personal Care,Mouth Wash - Original,NO, 178.00 ,0,1,,,,,,,,,,,,,,,,,,,,,,,,,,,,,,,3,1,2, 356.00 
99,TPC-SNTYPD,Toiletries,Personal Care,Sanitary Pads ,NO, 16.00 ,0,,,,,,,,,,,,,,,,,,,,,,,,,,,,,,,,,0,0, -   
100,TCM-HPCBLU,Toiletries,Chemicals,Harpic - Blue,NO, 101.70 ,4,,,,,1,,,,,1,,,,,,,1,,,,,,,1,,,,,,,,,4,0, -   
101,TCM-HPCRED,Toiletries,Chemicals,Harpic - Red,NO, 128.00 ,2,,,,,1,,,,,,1,,,,,,1,,,,,,,,1,,,,,,,3,4,1, 128.00 
102,TCM-DRANX,Toiletries,Chemicals,Dranex,NO, 135.60 ,0,,1,,,,,,,,,,,,,,,,,,,,,,,,,,,,,,3,1,2, 271.20 
103,TCM-URNSCN,Toiletries,Chemicals,Urinal Screens,NO, 32.00 ,0,,,,,,,,,,,,,,,,,,,,,,,,,,,,,,,,,0,0, -   
104,CBG-GBAGSM,Cleaning Consumables,Bags,Garbage Bag - Small,RL, 55.00 ,1,,,,,1,,,,,,,1,,,,,1,,,,,,1,,,1,,,,,,5,5,1, 55.00 
105,CBG-GBAGMM,Cleaning Consumables,Bags,Garbage Bag - Medium,RL, 50.80 ,28,,,,,,,,,,1,,,,,,,,,,,,,,1,,,,,,,,,2,26," 1,320.80 "
106,CBG-GBAGXL,Cleaning Consumables,Bags,Garbage Bag - XL,RL, 93.20 ,4,,,1,,,,,,1,,1,,,,,,,,,,,,1,,1,,,,1,1,,3,7,0, -   
107,CBG-GBAGXXL,Cleaning Consumables,Bags,Garbage Bag - XXL,RL, 102.00 ,0,,,,,,,,,,,,,,,,,,,,,,,,,,,,,,,,,0,0, -   
108,CCM-PRILL,Cleaning Consumables,Chemicals,Prill Liquid Soap (Green),NO, 125.00 ,0,,,,,,,,,,,,,,,,,,,,,,,,,,,,,,,,,0,0, -   
109,CCM-TSKR1,Cleaning Consumables,Chemicals,Taski - R1,CN," 1,003.70 ",2,1,,,,,,,,,,,,,,1,,,,,,,,1,,,,,,,,,3,3,2," 2,007.40 "
110,CCM-TSKR2,Cleaning Consumables,Chemicals,Taski - R2,CN, 870.50 ,2,,,,,,,,,,,,,,,,,,,,,,,,,,,,,,,,,0,2," 1,741.00 "
111,CCM-TSKR3,Cleaning Consumables,Chemicals,Taski - R3,CN," 1,168.00 ",1,,,,,,,,,,,,,,,,,,,,,,,,,,,,,,,,,0,1," 1,168.00 "
112,CCM-TSKR4,Cleaning Consumables,Chemicals,Taski - R4,CN, 630.50 ,1,,,,,,,,,,,,,,,,,,,,,,,,,,,,,,,,,0,1, 630.50 
113,CCM-TSKR5,Cleaning Consumables,Chemicals,Taski - R5,CN, 980.00 ,0,,,,,,,,,,,,,,,,,,,,,,,,,,,,,,,,,0,0, -   
114,CCM-TSKR6,Cleaning Consumables,Chemicals,Taski - R6,CN, 979.00 ,1,,,,,,,,,,,,,,,,,,,,,,,,,,,,,,,,,0,1, 979.00 
115,CCM-TSKD7,Cleaning Consumables,Chemicals,Taski - D7,CN," 1,201.00 ",1,,,,,,,,,,,,,,,,,,,,,,,,,,,,,,,,,0,1," 1,201.00 "
116,CCM-TSK101,Cleaning Consumables,Chemicals,Taski - TR 101,CN," 1,300.80 ",4,,,1,,,,,,1,,,,,,1,,,,,,,,,,,,,,1,1,,3,5,2," 2,601.60 "
117,CCM-TSK102,Cleaning Consumables,Chemicals,Taski - TR 102,CN," 1,157.00 ",0,,,,,,,,,,,,,,,,,,,,,,,,,,,,,,,,,0,0, -   
118,CCM-CWEMR,Cleaning Consumables,Chemicals,Crew Emerel Plus 500 ML,CN, 339.00 ,1,,,,,,,,,,,,,,,,,,,,,,,,,,,,,,,,,0,1, 339.00 
119,CCM-DSHTAB,Cleaning Consumables,Chemicals,Dishwasher Tablets,BX, 260.00 ,3,1,,,,,,,,,,,,,,,,,,,,,,,,,,,,,,,,1,2, 520.00 
120,CCM-CSTSDA,Cleaning Consumables,Chemicals,Caustic Soda Flakes,PK, 90.00 ,1,,,1,,,,,,1,,,,,,,,,,,,,,,,,,,,1,1,,5,4,2, 180.00 
121,CCM-COLIN,Cleaning Consumables,Chemicals,Colin,NO, 60.90 ,0,,,,1,,,,,,,,,,,,1,,,,,,,,,,,,,,,,2,2,0, -   
122,CCL-STLSCBR,Cleaning Consumables,Cleaner,Steel Scrubber,NO, 5.00 ,5,,,,,,,,,,,,,,,,,,,,,,,,,,,,,,,,,0,5, 25.00 
123,CCL-SCBRSPG,Cleaning Consumables,Cleaner,Scrubber with Sponge,NO, 12.00 ,5,,,,,,,,,,,,,,,,,,,,,,,,,,,,,,,,,0,5, 60.00 
124,CCL-EZEREFL,Cleaning Consumables,Cleaner,Eze Clean - Refill,NO, 65.00 ,5,,,,,,,,,,,,,,,,,,,,,,,,,,,,,,,,,0,5, 325.00 
125,CCL-WMHNDL,Cleaning Consumables,Cleaner,Wet Mop with Handle,NO, 145.00 ,3,1,,,,,,,,,,,,,,,,,,,,,,,,,,,,,,,1,1,3, 435.00 
126,CCL-WMREFL,Cleaning Consumables,Cleaner,Wet Mop Clip - Refill,NO, 65.00 ,4,,,,,,,,,,,,,,,,,,,,,,,,,,,,,,,,,0,4, 260.00 
127,CCL-NYLBSH1,Cleaning Consumables,Cleaner,Nylon Brush with Handle,NO, 245.00 ,1,,,,1,,,,,,,,,,,,1,,,,,,,,,,,,,,,,1,2,0, -   
128,CCL-NYLBSH2,Cleaning Consumables,Cleaner,WC Brush Nylon,NO, 35.00 ,4,,,,,,,,,,,,,,,,,,,,,,,,,,,,,,,,,0,4, 140.00 
129,CCL-NYLBSH3,Cleaning Consumables,Cleaner,Carpet Cleaning Brush,NO, 30.00 ,2,,,,,,,,,,,,,,,,,,,,,,,,,,,,,,,,,0,2, 60.00 
130,CCL-GLSAPTR,Cleaning Consumables,Cleaner,Glass Applicatore & Squeezer,NO, 180.00 ,1,,,,,,,,,,,,,,,,,,,,,,,,,,,,,,,,,0,1, 180.00 
131,CCL-TOLPMP,Cleaning Consumables,Cleaner,Toilet Pump,NO, 99.00 ,0,,,,,,,,,,,,,,,,,,,,,,,,,,,,,,,,,0,0, -   
132,CCL-SFTBROM,Cleaning Consumables,Cleaner,Soft Broom,NO, 19.00 ,1,,,,,,,,,,,,,,,,,,,,,,,,,,,,,,,,,0,1, 19.00 
133,CCL-HRDBROM,Cleaning Consumables,Cleaner,Hard Broom,NO, 12.00 ,1,,,,,,,,,,1,,,,,,,,,,,,,,1,,,,,,,,1,2,0, -   
134,CCL-YLWSPNG,Cleaning Consumables,Cleaner,Yellow Sponge,NO, 5.00 ,5,,,,,,,,,,,,,,,,,,,,,,,,,,,,,,,,,0,5, 25.00 
135,CCL-PATBLD3,Cleaning Consumables,Cleaner,Patti Blade 3inch,NO, 8.00 ,0,,,,,,,,,,,,,,,,,,,,,,,,,,,,,,,,,0,0, -   
136,CCL-PATBLD4,Cleaning Consumables,Cleaner,Patti Blade 4Inch,NO, 12.00 ,1,,,1,,,,,,1,,,,,,,,,,,,,,,,,,,,1,1,,3,4,0, -   
137,CCL-PATBLD6,Cleaning Consumables,Cleaner,Patti Blade 6Inch,NO, 15.00 ,0,,,,,,,,,,,,,,,,,,,,,,,,,,,,,,,,,0,0, -   
138,CCL-SCRBRT,Cleaning Consumables,Cleaner,Scrotch Brite,NO, 15.00 ,3,,2,,,1,,,1,,,,,,,1,,1,,,,,1,,,,,,,,,,5,7,1, 15.00 
139,CCL-WHTSPNG,Cleaning Consumables,Cleaner,White Sponge,BX, 640.00 ,3,1,,,2,5,,,,,,1,,,,,2,5,,,,,,,,1,,,,,,,15,17,1, 640.00 
140,CGL-RGLVRED,Cleaning Consumables,Gloves,Rubber Hand Gloves - Red,ST, 100.80 ,2,,,,,,,,,,,1,,,,,,,,,,,,,,1,,,,,,,,2,0, -   
141,CGL-RGLVGRN,Cleaning Consumables,Gloves,Rubber Hand Gloves - Green,ST, 100.80 ,2,,,1,,,,,,1,1,,,,,,,,,,,,,,1,,,,,1,1,,5,6,1, 100.80 
142,CGL-RGLVBLU,Cleaning Consumables,Gloves,Rubber Hand Gloves - Blue,ST, 100.80 ,1,,,,,,,,,,,,,,,,,,,,,,,,,,,,,,,,,0,1, 100.80 
143,CGL-SRGGLV,Cleaning Consumables,Gloves,Surgical Gloves ,BX, 0.85 ,62,2,1,,6,7,,,3,,1,2,3,,,4,6,7,,,,,3,1,1,2,3,,,,,,50,52,60, 50.82 
144,CGL-CTNGLV,Cleaning Consumables,Gloves,Cotton Gloves (White),ST, 15.00 ,13,1,,3,1,,,,1,3,,1,,,,,1,,,,,,1,,,1,,,,3,3,,20,19,14, 210.00 
145,CGL-DISPGLV,Cleaning Consumables,Gloves,Disposal Plastic Gloves,ST, 187.00 ,4,,,1,,,,,,1,,,,,,1,,,,,,,,,,,,,,1,1,,1,5,0, -   
146,CPC-HEDCP,Cleaning Consumables,Personal Care,Head Cap,NO, 142.00 ,2,,,,,,,,,,,,,,,,,,,,,,,,,,,,,,,,,0,2, 284.00 
147,CPC-FCEMSK,Cleaning Consumables,Personal Care,Face Mask,NO, 113.00 ,2,,,,,,,,,,,,,,,,,,,,,,,,,,,,,,,,,0,2, 226.00 
148,CPC-FCETISE,Cleaning Consumables,Personal Care,Facial Tissue Box,BX, 53.00 ,4,1,,,1,,,,,,,1,,,,,1,,,,,,,,,1,,,,,,,1,5,0, -   
149,CTW-KITTWL,Cleaning Consumables,Towels,Kitchen Towel,NO, 25.00 ,2,,,,,,,,,,,,,,,,,,,,,,,,,,,,,,,,,0,2, 50.00 
150,CTW-GLSCLT,Cleaning Consumables,Towels,Glass Cloth,NO, 10.00 ,4,,,,1,,,,,,,,,,,,1,,,,,,,,,,,,,,,,,2,2, 20.00 
151,CTW-YLWCLT,Cleaning Consumables,Towels,Yellow Cloth,NO, 10.00 ,2,,,,,,,,,,,,,,,,,,,,,,,,,,,,,,,,,0,2, 20.00 
152,CTW-MFCRED,Cleaning Consumables,Towels,Micro Fiber Cloth - Red,NO, 12.00 ,2,1,,,,,,,,,,1,,,,1,,1,,,,,,1,,,,,,,1,,4,6,0, -   
153,CTW-MFCBLU,Cleaning Consumables,Towels,Micro Fiber Cloth - Blue,NO, 12.00 ,2,,1,,,,,,,,,,,,,,,,,,,,,,,1,,,,,,,,2,0, -   
154,CTW-MFCGRN,Cleaning Consumables,Towels,Micro Fiber Cloth - Green,NO, 12.00 ,7,,,,1,,,,,,,,,,,,,,,,,,,,,,,,,,,,,1,6, 72.00 
155,CTW-MFCWHT,Cleaning Consumables,Towels,Micro Fiber Cloth - White,NO, 12.00 ,3,,1,1,,,,,,1,,1,,,,,,1,,,,,,1,,,,,,,1,,5,7,1, 12.00 
156,SBG-SLEEVXM,Stationaries,Bags ,Laptop Sleeves - Small ,NO, 750.00 ,18,,,,,,,,,,,,,,,,,,,,,,,,,,,,,,,,,0,18," 13,500.00 "
157,SBG-SLEEVXL,Stationaries,Bags ,Laptop Sleeves - Big,NO, 770.00 ,0,,,,,,,,,,,,,,,,,,,,,,,,,,,,,,,,,0,0, -   
158,SBY-DBTRYAA,Stationaries,Battery,AA Battery - Duracel,NO, 42.00 ,18,,,,,,,,,,,,,,,,,,,,,,,,,,,,,,,,,0,18, 756.00 
159,SBY-DBTRYAAA,Stationaries,Battery,AAA Battery - Duracel,NO, 81.75 ,3,,,,,,,,,,,,,,,,,,,,,,,,,,,,,,,,,0,3, 245.25 
160,SBY-DBTRY9V,Stationaries,Battery,9V Battery - Duracel,NO, 137.00 ,17,,,1,,,,,1,,,,,,,,,,,,,,,,,,,,,,,,,2,15," 2,055.00 "
161,SCT-CIGI790,Stationaries,Cartridges & Toners,Canon Ink - GI790,NO, 470.00 ,0,,,,,,,,,,,,,,,,,,,,,,,,,,,,,,,,,0,0, -   
162,SCT-TR328B,Stationaries,Cartridges & Toners,Canon Toner - HV 328 (Black),NO," 1,550.00 ",1,,,,,,,,,,,,,,,,,,,,,,,,,,,,,,,,,0,1," 1,550.00 "
163,SCP-BDR12M,Stationaries,Clips & Pins,Binder Clip - 12mm,NO, 15.00 ,25,,,,,,,,,,,,,,,,,,,,,,,,,,,,,,,,,0,25, 375.00 
164,SCP-BDR19M,Stationaries,Clips & Pins,Binder Clip - 19mm,NO, 25.00 ,25,,,,,,,,,,,,,,,,,,,,,,,,,,,,,,,,,0,25, 625.00 
165,SCP-BDR25M,Stationaries,Clips & Pins,Binder Clip - 25mm,NO, 32.00 ,25,,,,,,,,,,,,,,,,,,,,,,,,,,,,,,,,,0,25, 800.00 
166,SCP-BDR32M,Stationaries,Clips & Pins,Binder Clip - 32mm,NO, 42.00 ,25,,,,,,,,,,,,,,,,,,,,,,,,,,,,,,,,,0,25," 1,050.00 "
167,SCP-GEMCLP,Stationaries,Clips & Pins,Gem Clips,NO, 55.00 ,4,,,,,,,,,,,,,,,,,,,,,,,,,,,,,,,,,0,4, 220.00 
168,SCP-BRDPIN,Stationaries,Clips & Pins,Soft Board Pins,NO, 79.00 ,2,,,,,,,,,,,,,,,,,,,,,,,,,,,,,,,,,0,2, 158.00 
169,SEN-A4ENVAD,Stationaries,Envelopes,A4 Envelopes with Adhesive,NO, 6.00 ,100,,,,,,,,,,,,,,,,,,,,,,,,,,,,,,,,,0,100, 600.00 
170,SEN-A4ENVLO,Stationaries,Envelopes,A4 Envelopes with (Logo),NO, 18.00 ,0,,,,,,,,,,,,,,,,,,,,,,,,,,,,,,,,,0,0, -   
171,SEN-A4ENVGN,Stationaries,Envelopes,A4 Envelopes (Green),NO, 2.38 ,300,,,,,,,,,,,,,,,,,,,,,,,,,,,,,,,,,0,300, 714.00 
172,SEN-PSENVGN,Stationaries,Envelopes,Postal Envelopes (Green),NO, 1.00 ,300,,,,,,,,,,,,,,,,,,,,,,,,,,,,,,,,,0,300, 300.00 
173,SEN-PSENVLO,Stationaries,Envelopes,Postal Envelopes (Logo),NO, 12.00 ,0,,,,,,,,,,,,,,,,,,,,,,,,,,,,,,,,,0,0, -   
174,SFF-SHTPTR,Stationaries,Files & Folders,Sheet Protector,NO, 1.50 ,100,,,,,,,,,,,,,,,,,,,,,,,,,,,,,,,,,0,100, 150.00 
175,SFF-LFOLDR,Stationaries,Files & Folders,L Folder - Transparent,NO, 9.00 ,180,,,,,,,,,,,,,,,,,,,,,,,,,,,,,,,,,0,180," 1,620.00 "
176,SFF-SPNGFL,Stationaries,Files & Folders,Plastic Spring File,NO, 20.00 ,13,,,,,,,,,,,,,,,,,,,,,,,,,,,,,,,,,0,13, 260.00 
177,SFF-FLFOLD,Stationaries,Files & Folders,File Folder with Sheet Protector,NO, 280.00 ,1,,,,,,,,,,,,,,,,,,,,,,,,,,,,,,,,,0,1, 280.00 
178,SFF-BOXFL,Stationaries,Files & Folders,Box File,NO, 55.00 ,0,,,,,,,,,,,,,,,,,,,,,,,,,,,,,,,,,0,0, -   
179,SFF-ONBFL,Stationaries,Files & Folders,Onboarding Files,NO, 295.00 ,18,,,,,1,,,,,,,,,,,,,,,,,,,,,,,,,,,,1,17," 5,015.00 "
180,SMS-SCNWP,Stationaries,Miscellaneous,Screen Wips,NO, 459.00 ,10,,,,,,,,,,,,,,,,,,,,,,,,,,,,,,,,,0,10," 4,590.00 "
181,SMS-SCISMD,Stationaries,Miscellaneous,Scissor - Medium,NO, 48.00 ,6,,,,,,,,,,,,,,,,,,,,,,,,,,,,,,,,,0,6, 288.00 
182,SMS-SCISLG,Stationaries,Miscellaneous,Scissor - Large,NO, 58.00 ,0,,,,,,,,,,,,,,,,,,,,,,,,,,,,,,,,,0,0, -   
183,SMS-CTTRLG,Stationaries,Miscellaneous,Paper Cutter - Large,NO, 32.00 ,6,,,,,,,,,,,,,,,,,,,,,,,,,,,,,,,,,0,6, 192.00 
184,SMS-CTTRSM,Stationaries,Miscellaneous,Paper Cutter - Small,NO, 18.00 ,0,,,,,,,,,,,,,,,,,,,,,,,,,,,,,,,,,0,0, -   
185,SMS-NYLTIE8,Stationaries,Miscellaneous,Nylon Cable Tie - 8 Inch,NO, 1.09 ,1,,,,,,,,,,,,,,,,,,,,,,,,,,,,,,,,,0,1, 1.09 
186,SMS-NYLTIE4,Stationaries,Miscellaneous,Nylon Cable Tie - 6 Inch,NO, 0.72 ,0,,,,,,,,,,,,,,,,,,,,,,,,,,,,,,,,,0,0, -   
187,SMS-STLWB,Stationaries,Miscellaneous,Water Bottle (Steel),NO, 210.00 ,80,,,,,,,,,,,,,,,,,,,,,,,,,,,,,,,,,0,80," 16,800.00 "
188,SNT-NOTEA5,Stationaries,Notes,A5 Notebook (Logo),NO, 112.50 ,209,,,,1,,,,,1,,,,,,,,,,,,,,,,,,,,,,,,2,207," 23,287.50 "
189,SNT-POSTMC,Stationaries,Notes,3M Post It - 2 x 1  (Multi Color),NO, 12.00 ,15,,,,,,,,,,,,,,,,,,,,,,,,,,,,,,,,,0,15, 180.00 
190,SNT-POST3X2,Stationaries,Notes,3M Post It - 3 x 2 ,NO, 20.00 ,9,,,1,,,,,1,,,,,,,,,,,,,,,,,,,,,,,,,2,7, 140.00 
191,SNT-POST3X3,Stationaries,Notes,3M Post It - 3 x 3,NO, 28.00 ,2,,,,,,,,,,,,,,,,,,,,,,,,,,,,,,,,,0,2, 56.00 
192,SNT-POST3X4,Stationaries,Notes,3M Post It - 3 x 4,NO, 36.00 ,4,,,,,,,,,,1,,,,,,1,,,,,,1,,,,,,,1,,,,4,0, -   
193,SNT-PLNRGST,Stationaries,Notes,Plain Register ,NO, 18.00 ,1,,,,1,,,,,1,,,,,,,,,,,,,,,,,,,,,,,1,2,0, -   
194,SNT-STKRGST,Stationaries,Notes,Stock Register - 100 Pages,NO, 28.00 ,2,,,,,,,,,,,,,,,,,,,,,,,,,,,,,,,,,0,2, 56.00 
195,SNT-ATTRGST,Stationaries,Notes,Attendance Register - 100 Pages,NO, 28.00 ,1,,,,,,,,,,,,,,,,,,,,,,,,,,,,,,,,,0,1, 28.00 
196,SPM-FVIKWK,Stationaries,Packing Materials,Fevikwick,NO, 30.00 ,31,,,,,,,,,,,,,,,,,,,,,,,,,,,,,,,,,0,31, 930.00 
197,SPM-GLUSTK8,Stationaries,Packing Materials,Glue Stick - 8gm,NO, 18.00 ,19,,,,,,,,,,,,,,,,,,,,,,,,,,,,,,,,,0,19, 342.00 
198,SPM-STRHD10,Stationaries,Packing Materials,Stapler HD 10,NO, 52.00 ,14,,,,,,,,,,,,,,,,,,,,,,,,,,,,,,,,,0,14, 728.00 
199,SPM-STRPINS,Stationaries,Packing Materials,Staples 10-1M (Pins),NO, 28.00 ,45,,,,,,,,,,,,,,,,,,,,,,,,,,,,,,,,,0,45," 1,260.00 "
200,SPM-STRHD45,Stationaries,Packing Materials,Stapler HP 45,NO, 125.00 ,4,,,,,,,,,,,,,,,,,,,,,,,,,,,,,,,,,0,4, 500.00 
201,SPM-STRPIN24,Stationaries,Packing Materials,Stapler HP 24/6 (Pins),NO, 43.60 ,20,,,,,,,,,,,,,,,,,,,,,,,,,,,,,,,,,0,20, 872.00 
202,SPM-PUNG52,Stationaries,Packing Materials,Punching Machine DP-52,NO, 50.00 ,5,,,,,,,,,,,,,,,,,,,,,,,,,,,,,,,,,0,5, 250.00 
203,SPM-TTAPE1,Stationaries,Packing Materials,Transparent Tape - 1 Inch,NO, 14.00 ,12,,,,,,,,,,,,,,,,,,,,,,,,,,,,,,,,,0,12, 168.00 
204,SPM-TTAPE2,Stationaries,Packing Materials,Transparent Tape - 2 Inch,NO, 22.00 ,123,,,,,,,,,,,,,,,,,,,,,,,,,,,,,,,,,0,123," 2,706.00 "
205,SPM-BTAPE2,Stationaries,Packing Materials,Brown Tape - 2 Inch,NO, 22.00 ,12,,,,,,,,,,,,,,,,,,,,,,,,,,,,,,,,,0,12, 264.00 
206,SPM-DSTAPE,Stationaries,Packing Materials,Double Side Tape - Foam,NO, 18.00 ,0,,,,,,,,,,,,,,,,,,,,,,,,,,,,,,,,,0,0, -   
207,SPP-MRKRBU,Stationaries,Pens & Pencils,Whiteboard Marker - Blue,NO, 28.00 ,78,,,2,,2,,,2,,2,1,,,,,2,1,,,,,2,1,,,,,,2,1,,,18,60," 1,680.00 "
208,SPP-MRKRBL,Stationaries,Pens & Pencils,Whiteboard Marker - Black,NO, 28.00 ,104,,,,,,,,,,,,,,,,,,,,,,,,,,,,,,,,,0,104," 2,912.00 "
209,SPP-MRKRRD,Stationaries,Pens & Pencils,Whiteboard Marker - Red,NO, 28.00 ,41,,,2,2,2,,,2,2,2,1,,,,,2,1,,,,,2,1,,,,,,2,1,,,22,19, 532.00 
210,SPP-MRKRGN,Stationaries,Pens & Pencils,Whiteboard Marker - Green,NO, 28.00 ,4,,,2,,2,,,2,,2,,,,,,2,,,,,,2,,,,,,,2,,,15,14,5, 140.00 
211,SPP-OHPBLU,Stationaries,Pens & Pencils,OHP Marker - Blue,NO, 18.00 ,0,,,,,,,,,,,,,,,,,,,,,,,,,,,,,,,,,0,0, -   
212,SPP-OHPBLK,Stationaries,Pens & Pencils,OHP Marker - Black,NO, 18.00 ,0,,,,,,,,,,,,,,,,,,,,,,,,,,,,,,,,,0,0, -   
213,SPP-OHPRED,Stationaries,Pens & Pencils,OHP Marker - Red,NO, 18.00 ,0,,,,,,,,,,,,,,,,,,,,,,,,,,,,,,,,,0,0, -   
214,SPP-OHPGRN,Stationaries,Pens & Pencils,OHP Marker - Green,NO, 18.00 ,0,,,,,,,,,,,,,,,,,,,,,,,,,,,,,,,,,0,0, -   
215,SPP-SHRPIE,Stationaries,Pens & Pencils,Sharpie Marker Fine,NO, 80.00 ,34,,,,,,,,,,,,,,,,,,,,,,,,,,,,,,,,,0,34," 2,720.00 "
216,SPP-HGHLTR1,Stationaries,Pens & Pencils,Highlighter Pen (Mulitcolor),NO, 17.00 ,0,,,,,,,,,,,,,,,,,,,,,,,,,,,,,,,,,0,0, -   
217,SPP-HGHLTR0,Stationaries,Pens & Pencils,Highlighter Pen (Singlecolor),NO, 17.00 ,5,,,1,,,,,1,,,,,,,,,,,,,,,,,,,,,,,,,2,3, 51.00 
218,SPP-CELLBLU,Stationaries,Pens & Pencils,Cello Pen - Blue,NO, 5.00 ,5,,,,,20,,,,,,,,,,,,,,,,,,,,,,,,,,,25,20,10, 50.00 
219,SPP-CELLBLK,Stationaries,Pens & Pencils,Cello Pen - Black,NO, 5.00 ,200,,,,,,,,,,,,,,,,,,,,,,,,,,,,,,,,,0,200," 1,000.00 "
220,SPP-CELLRED,Stationaries,Pens & Pencils,Cello Pen - Red,NO, 5.00 ,25,,,,,,,,,,,,,,,,,,,,,,,,,,,,,,,,,0,25, 125.00 
221,SPP-GELBLU,Stationaries,Pens & Pencils,Gel Pen - Blue,NO, 10.00 ,49,,,,,,,,,,,,,,,,,,,,,,,,,,,,,,,,,0,49, 490.00 
222,SPP-CRTNPN,Stationaries,Pens & Pencils,Correction Pen,NO, 35.00 ,15,,,,,,,,,,,,,,,,,,,,,,,,,,,,,,,,,0,15, 525.00 
223,SPP-NJPENL,Stationaries,Pens & Pencils,Natraj Pencil,NO, 2.80 ,79,,,,,,,,,,,,,,,,,,,,,,,,,,,,,,,,,0,79, 221.20 
224,SPP-ERASR,Stationaries,Pens & Pencils,Eraser,NO, 1.00 ,24,,,,,,,,,,,,,,,,,,,,,,,,,,,,,,,,,0,24, 24.00 
225,SPP-SHPNR,Stationaries,Pens & Pencils,Sharpner,NO, 3.00 ,7,,,,1,,,,,1,,,,,,,,,,,,,,,,,,,,,,,,2,5, 15.00 
226,SPP-SSCAL24,Stationaries,Pens & Pencils,"Scale - 24""  (Steel)",NO, 20.00 ,0,,,,,,,,,,,,,,,,,,,,,,,,,,,,,,,,,0,0, -   
227,SPP-PSCAL24,Stationaries,Pens & Pencils,"Scale - 24""  (Plastic)",NO, 48.00 ,0,,,,,,,,,,,,,,,,,,,,,,,,,,,,,,,,,0,0, -   
228,SPP-WBDSTR,Stationaries,Pens & Pencils,White Board Duster,NO, 28.00 ,4,,,1,,2,,,1,,1,1,,,,,1,1,,,,,1,1,,,,,,1,1,,10,12,2, 56.00 
229,SPP-PENSTD,Stationaries,Pens & Pencils,Pen Stand (Round),NO, 85.00 ,6,,,,,,,,,,,,,,,,,,,,,,,,,,,,,,,,,0,6, 510.00 
230,SXP-A4BNDPR,Stationaries,Xerox Papers,A4 Copier - Bond Paper,NO, 218.00 ,4,,,,,,,,,,,,,,,,,,,,,,,,,,,,,,,,,0,4, 872.00 
231,SXP-A4JKCPR,Stationaries,Xerox Papers,A4 JK Copier,NO, 179.00 ,4,,,,1,,,,,1,,,,,,,,,,,,,,,,,,,,,,,,2,2, 358.00 